{"count":32,"results":[{"id":1,"name":"13","description":"Double protection.\r\n\r\nTZOU{KSRCIPZSRCIFFCHQWDVSFTCFRCIPZSGSQIFWHM}","max_attempts":0,"value":10,"category":"Crypto","type":"standard","state":"visible","requirements":null,"connection_info":null,"next_id":null},{"id":2,"name":"AllYourBase","description":"All your bases belong...\r\n\r\nRkxBR3tVU0VGVUxfRk9SX09CRlVTQ0FUSU9OX0FORF9TT01FVElNRVNfTVlfU0VDUkVUX1BBU1NXT1JEU199","max_attempts":0,"value":10,"category":"Crypto","type":"standard","state":"visible","requirements":null,"connection_info":null,"next_id":null},{"id":3,"name":"CipherBac","description":"Bacon is good for breakfast, but also for other things too.\r\n\r\nNote - once discovered you should put your answer inside of FLAG{}\r\n\r\n1101010101111111100110110100111001001011101011101111100110011101110111011101000110010010111101101111","max_attempts":0,"value":10,"category":"Crypto","type":"standard","state":"visible","requirements":null,"connection_info":null,"next_id":null},{"id":4,"name":"Empire","description":"Julius, we have a new message for you!\r\n\r\nNote - once discovered you should put your answer inside of FLAG{}\r\n\r\nHFJXFWPSTBXFQQTKDTZWHTIJXFSIHNUMJWX","max_attempts":0,"value":10,"category":"Crypto","type":"standard","state":"visible","requirements":null,"connection_info":null,"next_id":null},{"id":5,"name":"Erenegiv","description":"Forwards backwards, that's the name of the game.\r\n\r\nHint: the key is \"SCROLL\"\r\n\r\nNote - once discovered you should put your answer inside of FLAG{}\r\n\r\nKQDSETEGJQZOWURFPQMP","max_attempts":0,"value":10,"category":"Crypto","type":"standard","state":"visible","requirements":null,"connection_info":null,"next_id":null},{"id":6,"name":"KnownPlaintext","description":"You have uncoverd the following files during a forensic investigation, are you able to find the original image to discover the flag?","max_attempts":0,"value":50,"category":"Crypto","type":"standard","state":"visible","requirements":null,"connection_info":null,"next_id":null},{"id":9,"name":"HasAnyoneGotAnyString","description":"We found the attached file in the remnants of an attackers campaign. Could you help us find the key and help find the attachers?","max_attempts":0,"value":10,"category":"Reversing","type":"standard","state":"visible","requirements":null,"connection_info":null,"next_id":null},{"id":10,"name":"BaseStream","description":"Your boss has asked you to investigate the attached \"capture.pcap\" file. Are you able to find the flag within?","max_attempts":0,"value":20,"category":"Network","type":"standard","state":"visible","requirements":null,"connection_info":null,"next_id":null},{"id":11,"name":"SimpleStream","description":"What is all this weird traffic, can you help us find the secret within?","max_attempts":0,"value":20,"category":"Network","type":"standard","state":"visible","requirements":null,"connection_info":null,"next_id":null},{"id":12,"name":"SpeedRound","description":"Connect to me on port 10001 to start this challenge. Are you quick enough?\r\n\r\nhint: some cats are better at connecting to networks","max_attempts":0,"value":20,"category":"Network","type":"standard","state":"visible","requirements":null,"connection_info":null,"next_id":null},{"id":13,"name":"ZipWire","description":"Investigate the attached .pcap file to see if you can find the secret hidden within.","max_attempts":0,"value":20,"category":"Network","type":"standard","state":"visible","requirements":null,"connection_info":null,"next_id":null},{"id":14,"name":"AlphaTesting","description":"We're launching our new webapp into AlphaTesting this week! Can you quickly check to make sure it's secure?\r\n\r\nConnect to this host on port 8080","max_attempts":0,"value":20,"category":"Web","type":"standard","state":"visible","requirements":null,"connection_info":"http://cyberchallenges.uk:8080","next_id":null},{"id":15,"name":"EasyOne","description":"A nice easy one to get started. \r\n\r\nConnect to this host on port 8081","max_attempts":0,"value":10,"category":"Web","type":"standard","state":"visible","requirements":null,"connection_info":"http://cyberchallenges.uk:8081","next_id":null},{"id":16,"name":"Ping","description":"A shiny new web interface for the classic tool, ping. It uses sophisticated checks to prevent abuse.\r\n\r\nConnect to this host on port 8082","max_attempts":0,"value":50,"category":"Web","type":"standard","state":"visible","requirements":null,"connection_info":"http://cyberchallenges.uk:8082","next_id":null},{"id":17,"name":"RememberTheName","description":"We've updated our admin panel to make it more secure. It also includes more cat pictures, can you crack the code?\r\n\r\nConnect to this host on port 8083 to get started.","max_attempts":0,"value":20,"category":"Web","type":"standard","state":"visible","requirements":null,"connection_info":"http://cyberchallenges.uk:8083","next_id":null},{"id":18,"name":"SimpleWebLogin","description":"Can you test our simple login page to test its security?\r\n\r\nTo start, connect to this host on port 8084","max_attempts":0,"value":10,"category":"Web","type":"standard","state":"visible","requirements":null,"connection_info":"http://cyberchallenges.uk:8084","next_id":null},{"id":19,"name":"kriegerneedsbettersecurity","description":"You have been tasked with gaining access to the secure area of a website run by the infamous \"Sterling Archer\".\r\n\r\nThe login page can be found on this host at port 8085.\r\n\r\nA fellow hacker has found some information which may help you in your efforts: /dump.tar.gz\r\n","max_attempts":0,"value":20,"category":"Passwords","type":"standard","state":"visible","requirements":null,"connection_info":"http://cyberchallenges.uk:8085","next_id":null},{"id":20,"name":"twohastobebetterthanone","description":"You have been tasked with gaining access to another secure website area:\r\n\r\nThe login page can be found by connecting to this host on port 8086\r\n\r\nA fellow hacker has found some information which may help you in your efforts: /files.tar.gz","max_attempts":0,"value":20,"category":"Passwords","type":"standard","state":"visible","requirements":null,"connection_info":"http://cyberchallenges.uk:8086","next_id":null},{"id":21,"name":"Floppy","description":"Download the file. Find the flag.","max_attempts":0,"value":20,"category":"Forensics","type":"standard","state":"visible","requirements":null,"connection_info":null,"next_id":null},{"id":22,"name":"Inside","description":"It's what's inside that counts.","max_attempts":0,"value":20,"category":"Forensics","type":"standard","state":"visible","requirements":null,"connection_info":null,"next_id":null},{"id":23,"name":"querystrings","description":"We've found a webserver which we need to gain access to. The only issue is that it's password protected. We've managed to aquire the program which is running on the server, but we can't seem to extract the password. Can you find the password and crack the server?\r\n\r\nTo start this challenge, download the attached file. The server is accessible on this host on port 8087","max_attempts":0,"value":50,"category":"Reversing","type":"standard","state":"visible","requirements":null,"connection_info":"","next_id":null},{"id":24,"name":"TimeTrial","description":"We've discovered a mainframe running on this host on port 8088. Can you take a look at it and see if you can get the password?\r\n\r\n","max_attempts":0,"value":50,"category":"Network","type":"standard","state":"hidden","requirements":null,"connection_info":"","next_id":null},{"id":26,"name":"Your password is WHAT?!","description":"According to the UK National Cyber Security Centre (ncsc.gov.uk) what was the most commonly used password in 2019? \r\n\r\nSubmit your answer inside flag{}\r\n\r\nexample: flag{answer_guess_here}","max_attempts":0,"value":5,"category":"Trivia","type":"standard","state":"visible","requirements":null,"connection_info":null,"next_id":null},{"id":27,"name":"I'm feeling upset","description":"What name was given to the malware that caused havoc in 2017 by infecting computers, encrypting the contents of the hard drive, and then demanding a ransom payment?\r\n\r\nSubmit your answer inside flag{}\r\n\r\nexample: flag{answer_guess_here}","max_attempts":0,"value":5,"category":"Trivia","type":"standard","state":"visible","requirements":null,"connection_info":null,"next_id":null},{"id":28,"name":"Deep Blue Sea","description":"If you wanted to view and inspect network traffic on your local system, what is the name of tool that you would probably use?\r\n\r\nSubmit your answer inside flag{}\r\n\r\nexample: flag{answer_guess_here}","max_attempts":0,"value":5,"category":"Trivia","type":"standard","state":"visible","requirements":null,"connection_info":null,"next_id":null},{"id":29,"name":"Love Letter","description":"In 2000, the \"ILOVEYOU\" computer worm infected over 10 million comptuers running the Windows operating system. The worm spread via an email attachment that was named \"LOVE-LETTER-FOR-YOU.XXX\". \r\n\r\nThe \"XXX\" above has replaced the actual file extension used by the worm, what was the three latter extension that was used by the malware to execute its malicious code?\r\n\r\nSubmit your answer inside flag{}\r\n\r\nexample: flag{answer_guess_here}","max_attempts":0,"value":5,"category":"Trivia","type":"standard","state":"visible","requirements":null,"connection_info":null,"next_id":null},{"id":30,"name":"ellipsis","description":"There appears to be a service running on port 8095.... can you.... connect to it and figure out how to extract the flag?...\r\n\r\nTo get started, connect to this host using \"netcat\".\r\n","max_attempts":0,"value":40,"category":"Network","type":"standard","state":"visible","requirements":null,"connection_info":"","next_id":null},{"id":31,"name":"No Information Here","description":"Now you know the tool for looking up DNS records, use it to look at the domain of this challenge ... ","max_attempts":0,"value":15,"category":"DNS","type":"standard","state":"visible","requirements":{"prerequisites":[32],"anonymize":true},"connection_info":null,"next_id":null},{"id":32,"name":"What tool?","description":"What tool do you use in Windows to look up a DNS record ?\r\n\r\nSubmit your answer inside flag{}\r\n\r\nexample: flag{answer_guess_here}","max_attempts":0,"value":5,"category":"DNS","type":"standard","state":"visible","requirements":null,"connection_info":null,"next_id":null},{"id":33,"name":"I AM A FLAG","description":"These challenges are all solved by entering a flag, some are very well hidden, some are not...\r\n\r\nflag{this_is_your_flag}","max_attempts":0,"value":5,"category":"Example","type":"standard","state":"visible","requirements":null,"connection_info":null,"next_id":null},{"id":34,"name":"Host","description":"How hosts this service ?\r\n\r\n0000000000001000.0000000000001000.0000000000000100.0000000000000100\r\n\r\nSubmit your answer inside flag{}\r\n\r\nexample: flag{answer_guess_here}","max_attempts":0,"value":10,"category":"DNS","type":"standard","state":"visible","requirements":null,"connection_info":null,"next_id":null},{"id":35,"name":"Hiding In Plain Sight","description":"The the practice of concealing a message within another message or a physical object. In computing/electronic contexts, a computer file, message, image, or video is concealed within another file, message, image, or video. \r\n\r\nSubmit your answer inside flag{}\r\n\r\nexample: flag{answer_guess_here}","max_attempts":0,"value":5,"category":"Forensics","type":"standard","state":"visible","requirements":null,"connection_info":null,"next_id":null}],"meta":{}}