{"count":8,"results":[{"id":1,"type":null,"ip":"10.0.9.2","user_id":1,"date":"2019-06-10T13:42:49"},{"id":2,"type":null,"ip":"192.168.1.130","user_id":1,"date":"2019-08-17T21:27:35"},{"id":3,"type":null,"ip":"192.168.1.132","user_id":1,"date":"2019-08-18T00:30:32"},{"id":4,"type":null,"ip":"172.18.0.1","user_id":1,"date":"2022-08-27T21:18:38"},{"id":5,"type":null,"ip":"84.92.46.91","user_id":1,"date":"2022-10-07T06:40:52"},{"id":6,"type":null,"ip":"194.72.166.90","user_id":1,"date":"2022-10-09T08:51:25"},{"id":8,"type":null,"ip":"213.123.63.210","user_id":1,"date":"2022-10-08T16:27:04"},{"id":9,"type":null,"ip":"81.130.150.186","user_id":1,"date":"2022-10-10T10:24:24"}],"meta":{}}