{"results":[{"id":1,"challenge_id":1,"type":"static","content":"f94113c07b6e82fa8ba90369088818711423838a","data":null},{"id":2,"challenge_id":2,"type":"static","content":"ba33e22ac92492931305ea3483a3a0c8210e9ddb","data":null},{"id":3,"challenge_id":3,"type":"static","content":"adf858a9828123061257cba29e3f34da87b23962","data":null},{"id":4,"challenge_id":4,"type":"static","content":"71aeb3b0bf01cc6e488f0207bb62f79b41454a87","data":null},{"id":5,"challenge_id":5,"type":"static","content":"7aec1a1f170062a5dc7f9d3502de999df9ff29df","data":null},{"id":6,"challenge_id":6,"type":"static","content":"f88dde9f00ed45debda603f5efb317933809dee3","data":null},{"id":7,"challenge_id":7,"type":"static","content":"6f1a6427a4eb7cd7861eec9c75b4bd18ee5b9d9f","data":null},{"id":8,"challenge_id":8,"type":"static","content":"f794e88774087c775e300beda3c0b4cd797c269b","data":null},{"id":9,"challenge_id":9,"type":"static","content":"0444f13ce4a5580cf6a6219ea19e2c89b7cd1d1f","data":null},{"id":10,"challenge_id":10,"type":"static","content":"cec8dcc2d125c262c9434637ce7d4e834cf0a0d8","data":null},{"id":11,"challenge_id":11,"type":"static","content":"929646db81fdde9492b64f2d3c5fa0a3da182ad7","data":null},{"id":12,"challenge_id":12,"type":"static","content":"64dec3daf0a02d4697c5fec917b8ad25862d4181","data":null},{"id":13,"challenge_id":13,"type":"static","content":"237fc9b7b8c04174abe71483de6eb53c04fe9e90","data":null},{"id":14,"challenge_id":14,"type":"static","content":"8d2072c6b0a455608ca1a293dc0c9579883fc6a5","data":null},{"id":15,"challenge_id":15,"type":"static","content":"4a31a4fe0954199566e360a873802bf64d0d0a84","data":null},{"id":16,"challenge_id":16,"type":"static","content":"1131456a55e84fbe58f6db03c9895921c1db5b3e","data":null},{"id":17,"challenge_id":17,"type":"static","content":"5fd213c8fc772846b262c307eaaa901340a195bb","data":null},{"id":18,"challenge_id":18,"type":"static","content":"87af1696e5207d68cd40df414a1805fbdc233024","data":null},{"id":19,"challenge_id":19,"type":"static","content":"dc09eb2b8517008ab65730f7355443a7f4bc8326","data":null},{"id":20,"challenge_id":20,"type":"static","content":"9b65e390a97a9a39d0d597ab89a77179b0a7cac4","data":null},{"id":21,"challenge_id":21,"type":"static","content":"9c297196ecf8890bc1e900fcf3aebae8c9f9880a","data":null},{"id":22,"challenge_id":22,"type":"static","content":"12703f16a02e150ef92de329ce57539e53c6aac7","data":null},{"id":23,"challenge_id":23,"type":"static","content":"9bb1be0fc245910b356fdac4e78e315d58d810af","data":null},{"id":24,"challenge_id":24,"type":"static","content":"78231b75c0b2180b7e964dcbb1ab3c3f58639f2e","data":null},{"id":25,"challenge_id":25,"type":"static","content":"10e04eb4104bd61f5fafc77c844d4d70b3f33f08","data":null},{"id":26,"challenge_id":26,"type":"static","content":"b3245d86c5b5a6e10a1319aebced515c1763b754","data":null},{"id":27,"challenge_id":27,"type":"static","content":"2d542917ab9cd27314b53b9c85f956af461a550d","data":null},{"id":28,"challenge_id":28,"type":"static","content":"b333748beae429d9459da79ef6b1c4ba492f69e9","data":null},{"id":29,"challenge_id":29,"type":"static","content":"dad737329153068527159005db4eb139e86e76ba","data":null},{"id":30,"challenge_id":30,"type":"static","content":"9854fa972c745fa0e8a55f0687528b1f483856b1","data":null},{"id":31,"challenge_id":31,"type":"static","content":"5d88f4080ce3baa81f32621d3a3440c8c718a302","data":null},{"id":32,"challenge_id":32,"type":"static","content":"22ed55ea33b596ba50c67235264769e28d5272b3","data":null},{"id":33,"challenge_id":33,"type":"static","content":"4e606bcbc4a3ddb154a1e296cba3dca34889a5be","data":null},{"id":34,"challenge_id":34,"type":"static","content":"c37da14686b69a220fd9febd09bb9593e7d0539f","data":null},{"id":35,"challenge_id":35,"type":"static","content":"3eb1eb054dc55a13772007ac980ca5bf310ee773","data":null},{"id":36,"challenge_id":36,"type":"static","content":"0d81e34249c9ae82ba80693a26b4e2bdb1f764f0","data":null},{"id":37,"challenge_id":37,"type":"static","content":"19ebb3402eb75df18d076bd6a15ed1521d36e306","data":null},{"id":38,"challenge_id":38,"type":"static","content":"b01a1ae56491c0c3d6b8d6e0264d099bda573758","data":null},{"id":39,"challenge_id":39,"type":"static","content":"690fa3247a99d651e0b26f947baf0b79b4f404a9","data":null},{"id":40,"challenge_id":40,"type":"static","content":"5444962659bf8d72f6322530b18d6b9123fbaeec","data":null},{"id":41,"challenge_id":41,"type":"static","content":"5ff5052e879e6fef64124e64c82c84ebc809c6c4","data":null},{"id":42,"challenge_id":42,"type":"static","content":"5fb1dbd45670d209e1c48ed59222c2bca732d354","data":null},{"id":43,"challenge_id":43,"type":"static","content":"de0806c1e34a5783b4b1672fa4eed440a9912378","data":null},{"id":44,"challenge_id":44,"type":"static","content":"bb105418e73708ceccf1a7b2491f434b8f5230e4","data":null},{"id":45,"challenge_id":45,"type":"static","content":"86c8986dff834112ed790d7d53dadb46e9dca210","data":null},{"id":46,"challenge_id":46,"type":"static","content":"8f4e92556e5cafa24316d3fbb482384f66a0619d","data":null},{"id":47,"challenge_id":47,"type":"static","content":"b9263160f81d18dc69161db7ffb8a2d622bf1755","data":null},{"id":48,"challenge_id":48,"type":"static","content":"ec7840f71a70dac3908a7ab0f8c5b58eb986e892","data":null},{"id":49,"challenge_id":49,"type":"static","content":"9237a0d67e49ba39ab0d85d4caecb5808806f4bb","data":null},{"id":50,"challenge_id":50,"type":"static","content":"6322a4a6cad7b7ab96fa868a706aaa11932b918e","data":null},{"id":51,"challenge_id":51,"type":"static","content":"e606cff6a6a895ea073e4aeb71a42eebf63a25d1","data":null},{"id":52,"challenge_id":52,"type":"static","content":"8388280c9e656fe7aa45e8920e36c5bfcbfa3519","data":null},{"id":53,"challenge_id":53,"type":"static","content":"1ad816c82e078df250e618cba7893093115f4521","data":null},{"id":54,"challenge_id":54,"type":"static","content":"ff4aebffe31b0ffdea9bdd0207a16a3c01ac6c56","data":null},{"id":55,"challenge_id":55,"type":"static","content":"bccfc69b31482f1eaa399e6ded3cce938b9fc219","data":null},{"id":56,"challenge_id":56,"type":"static","content":"41db0b8dbceb01d9737fceb888a1f24ddd8f1dff","data":null},{"id":57,"challenge_id":57,"type":"static","content":"13083493dec15380f7319596e5e2bc67437ce5c4","data":null},{"id":58,"challenge_id":58,"type":"static","content":"2c4ad2aa82f89b4aefcb6d305d329005b5ebbe61","data":null},{"id":59,"challenge_id":59,"type":"static","content":"7513f97578391e85282583fd084bc3a649f1d25f","data":null},{"id":60,"challenge_id":60,"type":"static","content":"305021787d3e9cd9cebc057a021c2504550bb3b6","data":null},{"id":61,"challenge_id":61,"type":"static","content":"38327ed39639fb9ced76c9800f991bd8206ee144","data":null},{"id":62,"challenge_id":62,"type":"static","content":"a3ed0a02985a524747be405af69600b167ecae9a","data":null},{"id":63,"challenge_id":63,"type":"static","content":"dbaa733d61cf894a36235f884227b3a0b6150233","data":null},{"id":64,"challenge_id":64,"type":"static","content":"3c3e2d6ef99b733b947e92f8e2a9ed08bf57ea63","data":null},{"id":65,"challenge_id":65,"type":"static","content":"c25ad846aad83cff51ef49167f6f54b467e731de","data":null},{"id":66,"challenge_id":66,"type":"static","content":"5ec16347194b662a773887b63845315e8a3c7237","data":null},{"id":67,"challenge_id":67,"type":"static","content":"cd689fc32a8e1288a9b762aebacd9756f8c78ab5","data":null},{"id":68,"challenge_id":68,"type":"static","content":"4a08ddbd93e970fd7cdca4f2fc940f6fc35dc7d8","data":null},{"id":69,"challenge_id":69,"type":"static","content":"2614339936e8282e2f820f023d4d998a1f95e02a","data":null},{"id":70,"challenge_id":70,"type":"static","content":"980d88a684fbf348f5812fc06fbfab2d8f66c76d","data":null},{"id":71,"challenge_id":71,"type":"static","content":"55520e3cd59f94c0177371d67a70fd4c023c57ea","data":null},{"id":72,"challenge_id":72,"type":"static","content":"8df0878bad13852abf627d0ccf345522c6edcc21","data":null},{"id":73,"challenge_id":73,"type":"static","content":"e3dd33892286cd40320283238d5c6babe93187d2","data":null},{"id":74,"challenge_id":74,"type":"static","content":"05a4bcdca9809df4506551b5b1f229fd55157572","data":null},{"id":75,"challenge_id":75,"type":"static","content":"04d6e957416281fe13669a7fe685fc27cb6c53c4","data":null},{"id":76,"challenge_id":76,"type":"static","content":"8614152eaa8ea996bd1359f4144ad3e8cc762198","data":null},{"id":77,"challenge_id":77,"type":"static","content":"e3b59553d1be5291f45a76abe8291e3b666272d7","data":null},{"id":78,"challenge_id":78,"type":"static","content":"3ca7d41d1c903c5ae68c2f713c9f875db870aca0","data":null},{"id":79,"challenge_id":79,"type":"static","content":"b2bbb412cd027095df70fa3ca8d61ad0e101406e","data":null},{"id":80,"challenge_id":80,"type":"static","content":"5dec3d5cc33e7137736c615bc10a0c52359e86a8","data":null},{"id":81,"challenge_id":81,"type":"static","content":"e6982b34b6734ceadd28e5019b251f929a80b815","data":null},{"id":82,"challenge_id":82,"type":"static","content":"d6c3b1f0724fd3dbf4272c127a790c39a200876b","data":null},{"id":83,"challenge_id":83,"type":"static","content":"84054d82b9a99da2db6392744dad1e7e28bd2cca","data":null},{"id":84,"challenge_id":84,"type":"static","content":"ed389b769ec2380372f247f8b669097bb55f3b7f","data":null},{"id":85,"challenge_id":85,"type":"static","content":"5a196f6f8335ad860de5fd4597a69de8f23dbce8","data":null},{"id":86,"challenge_id":86,"type":"static","content":"f884fb0fd5282d5a33cf44fd65e20ddad1d2b795","data":null},{"id":87,"challenge_id":87,"type":"static","content":"e958569c4a12e3b97f38bd05cac3f0e5a1b17142","data":null},{"id":88,"challenge_id":88,"type":"static","content":"9d4e5e79b87d07944942d37811426c4e3148d446","data":null},{"id":89,"challenge_id":89,"type":"static","content":"ed6fafa2fe184c01a64581004393737449dd6ba4","data":null},{"id":90,"challenge_id":90,"type":"static","content":"ab5b8d18378fbcb0f3bc6e9f2b1e3eebc676334e","data":null},{"id":91,"challenge_id":91,"type":"static","content":"638524b76976aae9fb41a264fd7c06d813635e1e","data":null},{"id":92,"challenge_id":92,"type":"static","content":"7f2af07e0e0ac2c54e8ae0665b4aa68762ba63af","data":null},{"id":93,"challenge_id":93,"type":"static","content":"a81183bb5eaf30e6f5ae3c14acb572976072f4c9","data":null},{"id":94,"challenge_id":94,"type":"static","content":"76759927fb4e587ad58ca8eb14e0034e55c4c6d3","data":null},{"id":95,"challenge_id":95,"type":"static","content":"1bf405de0c6cffac953daa8c8d0ae7a72072b3eb","data":null},{"id":96,"challenge_id":96,"type":"static","content":"974658d2522a1de540e85d925dadcfc1891ccbea","data":null},{"id":97,"challenge_id":97,"type":"static","content":"2d55d113bdd3535ed2b7170fc2ff43a5ff324b84","data":null},{"id":98,"challenge_id":98,"type":"static","content":"cfdeea14e8f01b4952722fd0e4a77f1928593c9a","data":null},{"id":99,"challenge_id":99,"type":"static","content":"9dd704b4c48bd310dd3187971a344c179213562d","data":null},{"id":100,"challenge_id":100,"type":"static","content":"6cbafed57d94b84630427bb24ab80b31efc578f5","data":null}]}