{"count":1,"results":[{"id":1,"title":"Cyber Game CTF","route":"index","content":"<h1>Welcome to the CTF Game</h1>\r\n\r\n<h2>Registration</h2>\r\n\r\nPlease register to play, see a member of the team for the registration code.\r\n\r\nPlease note: <b>A valid email address is NOT REQUIRED, please DO NOT ENTER valid personal details into this game.</b>\r\n\r\n<br><h2>Getting started</h2>\r\n\r\nStart on the lower point challenges first, challenge \"I AM A FLAG\" shows you how to format your answers to a challenge and gives you your first points!\r\n\r\nAll challenge answers must be entered as:\r\n\r\n<center><h3>flag{answer}</h3></center>\r\n\r\n<br/>Higher scoring challenges need external tools to complete, Kali is available on our stand if you want to give these a go!\r\n\r\n<center><h1>Happy Flag Hunting!</h1></center>\r\n\r\n","draft":0,"hidden":0,"auth_required":0,"format":"markdown"}],"meta":{}}