{"count":23,"results":[{"id":17,"challenge_id":15,"user_id":8,"team_id":null},{"id":18,"challenge_id":18,"user_id":8,"team_id":null},{"id":19,"challenge_id":16,"user_id":6,"team_id":null},{"id":20,"challenge_id":15,"user_id":6,"team_id":null},{"id":21,"challenge_id":18,"user_id":6,"team_id":null},{"id":22,"challenge_id":14,"user_id":6,"team_id":null},{"id":23,"challenge_id":17,"user_id":6,"team_id":null},{"id":24,"challenge_id":33,"user_id":6,"team_id":null},{"id":25,"challenge_id":20,"user_id":6,"team_id":null},{"id":29,"challenge_id":33,"user_id":11,"team_id":null},{"id":35,"challenge_id":33,"user_id":12,"team_id":null},{"id":37,"challenge_id":1,"user_id":6,"team_id":null},{"id":38,"challenge_id":2,"user_id":6,"team_id":null},{"id":39,"challenge_id":3,"user_id":6,"team_id":null},{"id":40,"challenge_id":14,"user_id":8,"team_id":null},{"id":54,"challenge_id":32,"user_id":8,"team_id":null},{"id":70,"challenge_id":33,"user_id":8,"team_id":null},{"id":72,"challenge_id":26,"user_id":8,"team_id":null},{"id":82,"challenge_id":27,"user_id":8,"team_id":null},{"id":83,"challenge_id":28,"user_id":8,"team_id":null},{"id":84,"challenge_id":29,"user_id":8,"team_id":null},{"id":110,"challenge_id":31,"user_id":8,"team_id":null},{"id":131,"challenge_id":35,"user_id":8,"team_id":null}],"meta":{}}