{"count":10,"results":[{"id":1,"oauth_id":null,"name":"admin","password":"$bcrypt-sha256$2b,12$ZBA0C63NV9CbdT4ldwBcA.$cB78VOi4V92iHStV0qtSDxptb8Gj9j6","email":"admin@admin.com","type":"admin","secret":null,"website":null,"affiliation":null,"country":null,"bracket":null,"hidden":0,"banned":0,"verified":0,"team_id":null,"created":"2019-06-10T12:10:35"},{"id":6,"oauth_id":null,"name":"mark","password":"$bcrypt-sha256$v=2,t=2b,r=12$lv6YBKL3jy.EwF7pZstpbu$yAzvBof505Zg8camrRTk08lT0RjeDNC","email":"nobody@nowhere.com","type":"user","secret":null,"website":null,"affiliation":null,"country":null,"bracket":null,"hidden":0,"banned":0,"verified":0,"team_id":null,"created":"2023-11-01T20:50:52"},{"id":7,"oauth_id":null,"name":"Winner01","password":"$bcrypt-sha256$v=2,t=2b,r=12$EUPdDrKi/JMMrJ0.kpnLoO$Zyb1cEqrCiwS8Kh7oEPleIKE5E7JzwC","email":"winner@winner.com","type":"user","secret":null,"website":null,"affiliation":null,"country":null,"bracket":null,"hidden":0,"banned":0,"verified":0,"team_id":null,"created":"2023-11-02T08:38:07"},{"id":8,"oauth_id":null,"name":"Mattyjohno","password":"$bcrypt-sha256$v=2,t=2b,r=12$ggPJ6D.iv6ot3lLUZfriXu$MOpzK974rV09J0DaESkb/qxG53aUciq","email":"email@gmail.com","type":"user","secret":null,"website":null,"affiliation":null,"country":null,"bracket":null,"hidden":0,"banned":0,"verified":0,"team_id":null,"created":"2023-11-02T10:34:55"},{"id":9,"oauth_id":null,"name":"Smith chris","password":"$bcrypt-sha256$v=2,t=2b,r=12$88DgKzAqZT8loKZUssWF/u$Rccmy8SADJ9XoC56VJWi/rK05lVPI0K","email":"chris.smith682@mod.gov.uk","type":"user","secret":null,"website":null,"affiliation":null,"country":null,"bracket":null,"hidden":0,"banned":0,"verified":0,"team_id":null,"created":"2023-11-02T11:04:40"},{"id":10,"oauth_id":null,"name":"Emanz","password":"$bcrypt-sha256$v=2,t=2b,r=12$2/U4GYP4cffavNQX68EfsO$fhLOhxdd9Mg4jRQ3KK5X06xY0VtkYga","email":"emmanuel237352@gmail.com","type":"user","secret":null,"website":null,"affiliation":null,"country":null,"bracket":null,"hidden":0,"banned":0,"verified":0,"team_id":null,"created":"2023-11-02T11:52:10"},{"id":11,"oauth_id":null,"name":"Holzie007","password":"$bcrypt-sha256$v=2,t=2b,r=12$R0knwTYIsWWQIdtgx8NPwO$zytv0wO780dis.Hw61j5uoCaFwce4pq","email":"holzie2242@gmail.com","type":"user","secret":null,"website":null,"affiliation":null,"country":null,"bracket":null,"hidden":0,"banned":0,"verified":0,"team_id":null,"created":"2023-11-02T12:37:14"},{"id":12,"oauth_id":null,"name":"Jsalt","password":"$bcrypt-sha256$v=2,t=2b,r=12$kpVe.xB/BdDRI9D//EuSA.$UO62fwi3rB8ZGXSE1Uk0mzc8av3WQMe","email":"jennym.28@hotmail.com","type":"user","secret":null,"website":null,"affiliation":null,"country":null,"bracket":null,"hidden":0,"banned":0,"verified":0,"team_id":null,"created":"2023-11-02T12:45:58"},{"id":13,"oauth_id":null,"name":"Bobby","password":"$bcrypt-sha256$v=2,t=2b,r=12$QvJqzm8siKsIg3FDSTJAaO$PUwY9KLFF6LZFQbwVaU57PzL1OkvuJW","email":"graeme.l@icloud.com","type":"user","secret":null,"website":null,"affiliation":null,"country":null,"bracket":null,"hidden":0,"banned":0,"verified":0,"team_id":null,"created":"2023-11-02T13:42:04"},{"id":14,"oauth_id":null,"name":"Epad99","password":"$bcrypt-sha256$v=2,t=2b,r=12$35i2olGKrQVSB6PrYERGXu$NIZ5QHfxhrYu6vQxkmFJsvmLYndpMG2","email":"khizere@outlook.com","type":"user","secret":null,"website":null,"affiliation":null,"country":null,"bracket":null,"hidden":0,"banned":0,"verified":0,"team_id":null,"created":"2023-11-02T14:46:49"}],"meta":{}}