{"count":32,"results":[{"id":1,"challenge_id":1,"type":"static","content":"FLAG{WEDOUBLEDOURROTCIPHERFORDOUBLESECURITY}","data":null},{"id":2,"challenge_id":2,"type":"static","content":"FLAG{USEFUL_FOR_OBFUSCATION_AND_SOMETIMES_MY_SECRET_PASSWORDS_}","data":null},{"id":3,"challenge_id":3,"type":"static","content":"FLAG{FLAGKNOWLEDGEISPOWER}","data":"case_insensitive"},{"id":4,"challenge_id":4,"type":"static","content":"FLAG{CAESARKNOWSALLOFYOURCODESANDCIPHERS}","data":"case_insensitive"},{"id":5,"challenge_id":5,"type":"static","content":"FLAG{SOMETIMESCODESAREFUN}","data":null},{"id":6,"challenge_id":6,"type":"static","content":"flag{iTs_4LL_iN_t3H_M4g1c_nUmb3r5}","data":"case_insensitive"},{"id":9,"challenge_id":9,"type":"static","content":"flag{aLw4yS_G0_4_T3h_Qu1cK_W1n}","data":"case_insensitive"},{"id":10,"challenge_id":10,"type":"static","content":"flag{AlL_Y0uR_b4s3_B3l0nGs_2_uS}","data":null},{"id":11,"challenge_id":11,"type":"static","content":"flag{HtTp_Is_B4d_4_sEcR3Ts}","data":null},{"id":12,"challenge_id":12,"type":"static","content":"flag{Pr0g4mm1ng_1s_t3H_w4Y_4w4rd}","data":null},{"id":13,"challenge_id":13,"type":"static","content":"flag{W1r3s4Rk_i5_8eAuT1FuL}","data":""},{"id":14,"challenge_id":14,"type":"static","content":"flag{3ASY_CR3DS_FOR_FL4G5}","data":null},{"id":15,"challenge_id":15,"type":"static","content":"flag{R0B0T_AP0C4LYP53}","data":null},{"id":16,"challenge_id":16,"type":"static","content":"flag{P1NG_s0M3_M0R3_C0De5}","data":null},{"id":17,"challenge_id":17,"type":"static","content":"flag{I_CaN_HaZ_Adm1n_Ple4s3}","data":null},{"id":18,"challenge_id":18,"type":"static","content":"flag{I_CaN_rEaD_T3H_SRC_C0De}","data":null},{"id":19,"challenge_id":19,"type":"static","content":"flag{d0_u_waNt_t0_b3_H4ck3d}","data":null},{"id":20,"challenge_id":20,"type":"static","content":"flag{1m_RuNN1nG_0uT_0F_w1tTy_Fl4g_n4M3s}","data":null},{"id":21,"challenge_id":21,"type":"static","content":"flag{H1D1NG_1N_PL41N_ST3G}","data":null},{"id":22,"challenge_id":22,"type":"static","content":"flag{Y0U_F0UND_M3_H1DD3N_ARCH1V3}","data":null},{"id":23,"challenge_id":23,"type":"static","content":"flag{R3v3rs3_th3_Pl4n3t}","data":null},{"id":24,"challenge_id":24,"type":"static","content":"flag{i_h4t3_th1s_ch4ll3ng3}","data":null},{"id":25,"challenge_id":26,"type":"static","content":"flag{123456}","data":"case_insensitive"},{"id":26,"challenge_id":27,"type":"static","content":"flag{wannacry}","data":"case_insensitive"},{"id":27,"challenge_id":28,"type":"static","content":"flag{wireshark}","data":"case_insensitive"},{"id":28,"challenge_id":29,"type":"static","content":"flag{vbs}","data":"case_insensitive"},{"id":29,"challenge_id":30,"type":"static","content":"flag{I_h0pe_y0u_autom4T3d_Th1s}","data":""},{"id":30,"challenge_id":31,"type":"static","content":"FLAG{A_DNS_INFO_RECORD_HERE}","data":"case_insensitive"},{"id":31,"challenge_id":32,"type":"static","content":"flag{nslookup}","data":"case_insensitive"},{"id":32,"challenge_id":33,"type":"static","content":"flag{this_is_your_flag}","data":"case_insensitive"},{"id":33,"challenge_id":34,"type":"static","content":"flag{google}","data":"case_insensitive"},{"id":34,"challenge_id":35,"type":"static","content":"flag{steganography}","data":"case_insensitive"}],"meta":{}}