{"count":11,"results":[{"id":1,"type":"challenge","location":"1119895943949f88fa5e33be2cb436d1/KnownPlaintext.zip","challenge_id":6,"page_id":null},{"id":3,"type":"challenge","location":"b6e80970516ce6c149c5f12c339dcf26/challenge","challenge_id":9,"page_id":null},{"id":4,"type":"challenge","location":"2f16857a8e306285b4d77b1a44a84078/capture.pcap","challenge_id":10,"page_id":null},{"id":5,"type":"challenge","location":"99bed401a5da85bc75c69b6481e78ff3/capture_1.pcap","challenge_id":11,"page_id":null},{"id":6,"type":"challenge","location":"f961e7bb225a405806322f13e4fc1a2d/capture_2.pcap","challenge_id":13,"page_id":null},{"id":7,"type":"challenge","location":"72852f18bd3a503c8d3584a2b6551901/floppy.jpg","challenge_id":21,"page_id":null},{"id":8,"type":"challenge","location":"00c97c469baf78bc86cbd3b0e502cea4/inside.docx","challenge_id":22,"page_id":null},{"id":9,"type":"challenge","location":"5c2883dde2d3d84f3a707361474296d2/challenge","challenge_id":23,"page_id":null},{"id":10,"type":"standard","location":"09fefd6df859cd93752aa5249ca64456/Logo_of_the_Royal_Navy.svg.png","challenge_id":null,"page_id":null},{"id":11,"type":"page","location":"2a38fe6548f0152c406ce178899de4c0/Logo_of_the_Royal_Navy.svg.png","challenge_id":null,"page_id":null},{"id":12,"type":"page","location":"7f1d0d1c2c7259c41730a440fca9a67c/image2.png","challenge_id":null,"page_id":null}],"meta":{}}