{"count":2,"results":[{"id":1,"type":"standard","challenge_id":16,"content":"What can you Find? Brace yourself for Expressions. Get ready for Grep!\r\n","cost":10,"requirements":null},{"id":2,"type":"standard","challenge_id":30,"content":"Hmm, what's the difference between these two commands:\n\n-> % echo -e \"foo\" | nc 127.0.0.1 8095\nWelcome to the final challenge!\nPlease enter the password: Wrong\n\n-> % echo -e \"wfoo\" | nc 127.0.0.1 8095\nWelcome to the final challenge!\nPlease enter the password: .Wrong","cost":5,"requirements":{"prerequisites":[]}}],"meta":{}}